{"KXYVqPFu6TH7sqHMteBNXw==":"ksenia%20pacher%20foto-300x300.jpg","q/ROTh3sIPE1qMNNxO7Xkw==":"daniel%20terno-300x300.jpg","ku8fe5fZ7CS2tDgxfm+Xxw==":"leo-300x300.jpg","CSajQkPLAf/njWeN9hcVZA==":"logo%20site%20retina%20profissao%20em%20demanda-164x90.png","eTxeQF8Kz6fueWMvD89JTQ==":"leonardo%20pacher-300x448.png","/E4GYw0EwPXZZdDF2c4S8w==":"16022013682-300x169.jpeg","aMb9v55MmkLYFpjW5C4Hzg==":"bem%20vindo%20(4)-560x315.png","FuMQKWw1F1P7I2ffCHQBPQ==":"frela-820x312.png","n7uB/FJf/VNsHZWsiDcX9w==":"bem%20vindo-560x315.png","d3SnCMQA84I5G/86e/XrAA==":"frela-820x312.jpg"}